main_name,main_publish_date,name,index_publish_date,requested_return_start_date,return_start_relation,data_start_date,base_date,effective_return_start_date,visible_start_date,base_close,last_date,last_close,cum_return_pct,annualized_return_pct,max_drawdown_pct,source_path,data_note
上证红利指数（50）,2005-01-04,上证红利指数（50）,2005-01-04,2005-01-04,starts_at_main_publish_next_available,2006-08-17,2006-08-17,2006-08-17,2006-08-17,1179.53,2025-12-31,6915.27,486.2733461633024,9.558961151171097,73.83583461379247,result/index_return_curve/csv/上证红利指数_50__daily.csv,official_or_project_total_return
上证红利指数（50）,2005-01-04,中证红利指数（100）,2008-05-26,2008-05-26,starts_at_index_publish,2005-01-04,2008-05-26,2008-05-26,2008-05-26,4.136507887994051,2026-04-30,12.560321021236712,203.64552326111212,6.391421926408025,58.24600929965007,result/index_return_curve/csv/中证红利指数_100__daily.csv,official_or_project_total_return
上证红利指数（50）,2005-01-04,央企红利指数（50）,2012-07-20,2012-07-20,starts_at_index_publish_next_available,2017-01-26,2017-01-26,2017-01-26,2017-01-26,1.7235204602780847,2026-04-30,3.4762251672885705,101.6932927345517,7.873773113954141,26.466209116719963,result/index_return_curve/csv/央企红利指数_50__daily.csv,official_or_project_total_return
上证红利指数（50）,2005-01-04,国企红利指数（100）,2012-07-20,2012-07-20,starts_at_index_publish_next_available,2017-01-24,2017-01-24,2017-01-24,2017-01-24,1.9351186420161477,2026-04-30,4.429445905939979,128.8978985456447,9.352620751139096,26.794434901277818,result/index_return_curve/csv/国企红利指数_100__daily.csv,official_or_project_total_return
上证红利指数（50）,2005-01-04,消费红利指数（50）,2013-07-02,2013-07-02,starts_at_index_publish_next_available,2015-11-03,2015-11-03,2015-11-03,2015-11-03,1.7739081321258376,2026-04-30,5.791693171007222,226.49341113660165,11.94201427646082,36.558235334561154,result/index_return_curve/csv/消费红利指数_50__daily.csv,official_or_project_total_return
上证红利指数（50）,2005-01-04,中证红利低波动指数（50）,2013-12-19,2013-12-19,starts_at_index_publish_next_available,2017-03-13,2017-03-13,2017-03-13,2017-03-13,11.0052,2026-04-30,23.9599088,117.71443317704357,8.894385757235224,27.527593189401934,result/index_return_curve/csv/中证红利低波动指数_50__daily.csv,official_or_project_total_return
上证红利指数（50）,2005-01-04,港股红利指数（30）,2016-06-08,2016-06-08,starts_at_index_publish,2014-11-14,2016-06-08,2016-06-08,2016-06-08,0.97843,2026-04-30,3.862322166666667,294.7469074605917,14.890419074453076,39.29690689757523,result/index_return_curve/csv/港股红利指数_30__daily.csv,official_or_project_total_return
上证红利指数（50）,2005-01-04,恒生红利低波动指数（50）,2017-05-08,2017-05-08,starts_at_index_publish_next_available,2019-08-12,2019-08-12,2019-08-12,2019-08-12,1000.0,2026-05-01,1698.0958945423456,69.80958945423457,8.199999999998386,33.349647169695906,result/hsi_hshylv_total_return_fit/csv/hshylv_fitted_total_return_daily.csv,价格指数可得起点 2019-08-12 晚于参考基准日 2010-09-30；本结果是截断区间拟合，不是 2010-09-30 起完整拟合。；拟合估算曲线，不是官方 HSHYLVDV/HSHYLVN 历史点位。若要严谨对比，应取得官方全收益历史日线或覆盖基准日的价格日线。
上证红利指数（50）,2005-01-04,中证红利低波动指数（100）,2017-05-26,2017-05-26,starts_at_index_publish,2015-11-09,2017-05-26,2017-05-26,2017-05-26,12.7424,2026-04-30,23.1923902,82.00959159969862,6.937984487978888,26.174383118484947,result/index_return_curve/csv/中证红利低波动指数_100__daily.csv,official_or_project_total_return
上证红利指数（50）,2005-01-04,沪港深红利成长低波动指数（100）,2019-04-25,2019-04-25,starts_at_index_publish,2015-07-21,2019-04-25,2019-04-25,2019-04-25,6187.08,2025-12-31,11667.38,88.57651751714863,9.952393763674227,21.205711771529135,result/index_return_curve/csv/沪港深红利成长低波动指数_100__daily.csv,official_or_project_total_return
上证红利指数（50）,2005-01-04,红利质量指数（50）,2020-05-21,2020-05-21,starts_at_index_publish,2014-06-23,2020-05-21,2020-05-21,2020-05-21,34.78221676958162,2026-04-30,56.50191661180072,62.44484066700948,8.508958154051903,29.1950257296792,result/index_return_curve/csv/红利质量指数_50__daily.csv,official_or_project_total_return
上证红利指数（50）,2005-01-04,龙头红利指数（50）,2021-12-17,2021-12-17,starts_at_index_publish,2011-10-24,2021-12-17,2021-12-17,2021-12-17,5897.39,2026-04-30,8005.24,35.742082514468244,7.248494930135618,19.980398944858614,result/index_return_curve/csv/龙头红利指数_50__daily.csv,official_or_project_total_return
上证红利指数（50）,2005-01-04,港股通央企红利指数（48）,2023-09-13,2023-09-13,starts_at_index_publish,2018-03-28,2023-09-13,2023-09-13,2023-09-13,1505.42,2025-12-31,2340.66,55.482191016460504,21.156537964999966,20.776646053110216,result/index_return_curve/csv/港股通央企红利指数_48__daily.csv,official_or_project_total_return
上证红利指数（50）,2005-01-04,国证自由现金流指数（100）,2024-08-15,2024-08-15,starts_at_index_publish,2014-10-13,2024-08-15,2024-08-15,2024-08-15,6191.0028,2026-04-30,9011.7777,45.562487873531566,24.621221712892382,15.844401254153329,result/index_return_curve/csv/国证自由现金流指数_100__daily.csv,official_or_project_total_return
上证红利指数（50）,2005-01-04,中证全指自由现金流指数（100）,2024-12-11,2024-12-11,starts_at_index_publish,2014-09-02,2024-12-11,2024-12-11,2024-12-11,7306.83,2025-12-31,8583.58,17.47337764803616,16.50690159386743,14.212171130680007,result/index_return_curve/csv/中证全指自由现金流指数_100__daily.csv,official_or_project_total_return
中证红利指数（100）,2008-05-26,上证红利指数（50）,2005-01-04,2008-05-26,starts_at_main_publish,2006-08-17,2008-05-26,2008-05-26,2008-05-26,3361.84,2025-12-31,6915.27,105.69896247293151,4.1833663040480085,56.954083855905665,result/index_return_curve/csv/上证红利指数_50__daily.csv,official_or_project_total_return
中证红利指数（100）,2008-05-26,中证红利指数（100）,2008-05-26,2008-05-26,starts_at_main_publish,2005-01-04,2008-05-26,2008-05-26,2008-05-26,4.136507887994051,2026-04-30,12.560321021236712,203.64552326111212,6.391421926408025,58.24600929965007,result/index_return_curve/csv/中证红利指数_100__daily.csv,official_or_project_total_return
中证红利指数（100）,2008-05-26,央企红利指数（50）,2012-07-20,2012-07-20,starts_at_index_publish_next_available,2017-01-26,2017-01-26,2017-01-26,2017-01-26,1.7235204602780847,2026-04-30,3.4762251672885705,101.6932927345517,7.873773113954141,26.466209116719963,result/index_return_curve/csv/央企红利指数_50__daily.csv,official_or_project_total_return
中证红利指数（100）,2008-05-26,国企红利指数（100）,2012-07-20,2012-07-20,starts_at_index_publish_next_available,2017-01-24,2017-01-24,2017-01-24,2017-01-24,1.9351186420161477,2026-04-30,4.429445905939979,128.8978985456447,9.352620751139096,26.794434901277818,result/index_return_curve/csv/国企红利指数_100__daily.csv,official_or_project_total_return
中证红利指数（100）,2008-05-26,消费红利指数（50）,2013-07-02,2013-07-02,starts_at_index_publish_next_available,2015-11-03,2015-11-03,2015-11-03,2015-11-03,1.7739081321258376,2026-04-30,5.791693171007222,226.49341113660165,11.94201427646082,36.558235334561154,result/index_return_curve/csv/消费红利指数_50__daily.csv,official_or_project_total_return
中证红利指数（100）,2008-05-26,中证红利低波动指数（50）,2013-12-19,2013-12-19,starts_at_index_publish_next_available,2017-03-13,2017-03-13,2017-03-13,2017-03-13,11.0052,2026-04-30,23.9599088,117.71443317704357,8.894385757235224,27.527593189401934,result/index_return_curve/csv/中证红利低波动指数_50__daily.csv,official_or_project_total_return
中证红利指数（100）,2008-05-26,港股红利指数（30）,2016-06-08,2016-06-08,starts_at_index_publish,2014-11-14,2016-06-08,2016-06-08,2016-06-08,0.97843,2026-04-30,3.862322166666667,294.7469074605917,14.890419074453076,39.29690689757523,result/index_return_curve/csv/港股红利指数_30__daily.csv,official_or_project_total_return
中证红利指数（100）,2008-05-26,恒生红利低波动指数（50）,2017-05-08,2017-05-08,starts_at_index_publish_next_available,2019-08-12,2019-08-12,2019-08-12,2019-08-12,1000.0,2026-05-01,1698.0958945423456,69.80958945423457,8.199999999998386,33.349647169695906,result/hsi_hshylv_total_return_fit/csv/hshylv_fitted_total_return_daily.csv,价格指数可得起点 2019-08-12 晚于参考基准日 2010-09-30；本结果是截断区间拟合，不是 2010-09-30 起完整拟合。；拟合估算曲线，不是官方 HSHYLVDV/HSHYLVN 历史点位。若要严谨对比，应取得官方全收益历史日线或覆盖基准日的价格日线。
中证红利指数（100）,2008-05-26,中证红利低波动指数（100）,2017-05-26,2017-05-26,starts_at_index_publish,2015-11-09,2017-05-26,2017-05-26,2017-05-26,12.7424,2026-04-30,23.1923902,82.00959159969862,6.937984487978888,26.174383118484947,result/index_return_curve/csv/中证红利低波动指数_100__daily.csv,official_or_project_total_return
中证红利指数（100）,2008-05-26,沪港深红利成长低波动指数（100）,2019-04-25,2019-04-25,starts_at_index_publish,2015-07-21,2019-04-25,2019-04-25,2019-04-25,6187.08,2025-12-31,11667.38,88.57651751714863,9.952393763674227,21.205711771529135,result/index_return_curve/csv/沪港深红利成长低波动指数_100__daily.csv,official_or_project_total_return
中证红利指数（100）,2008-05-26,红利质量指数（50）,2020-05-21,2020-05-21,starts_at_index_publish,2014-06-23,2020-05-21,2020-05-21,2020-05-21,34.78221676958162,2026-04-30,56.50191661180072,62.44484066700948,8.508958154051903,29.1950257296792,result/index_return_curve/csv/红利质量指数_50__daily.csv,official_or_project_total_return
中证红利指数（100）,2008-05-26,龙头红利指数（50）,2021-12-17,2021-12-17,starts_at_index_publish,2011-10-24,2021-12-17,2021-12-17,2021-12-17,5897.39,2026-04-30,8005.24,35.742082514468244,7.248494930135618,19.980398944858614,result/index_return_curve/csv/龙头红利指数_50__daily.csv,official_or_project_total_return
中证红利指数（100）,2008-05-26,港股通央企红利指数（48）,2023-09-13,2023-09-13,starts_at_index_publish,2018-03-28,2023-09-13,2023-09-13,2023-09-13,1505.42,2025-12-31,2340.66,55.482191016460504,21.156537964999966,20.776646053110216,result/index_return_curve/csv/港股通央企红利指数_48__daily.csv,official_or_project_total_return
中证红利指数（100）,2008-05-26,国证自由现金流指数（100）,2024-08-15,2024-08-15,starts_at_index_publish,2014-10-13,2024-08-15,2024-08-15,2024-08-15,6191.0028,2026-04-30,9011.7777,45.562487873531566,24.621221712892382,15.844401254153329,result/index_return_curve/csv/国证自由现金流指数_100__daily.csv,official_or_project_total_return
中证红利指数（100）,2008-05-26,中证全指自由现金流指数（100）,2024-12-11,2024-12-11,starts_at_index_publish,2014-09-02,2024-12-11,2024-12-11,2024-12-11,7306.83,2025-12-31,8583.58,17.47337764803616,16.50690159386743,14.212171130680007,result/index_return_curve/csv/中证全指自由现金流指数_100__daily.csv,official_or_project_total_return
央企红利指数（50）,2012-07-20,上证红利指数（50）,2005-01-04,2012-07-20,starts_at_main_publish,2006-08-17,2012-07-20,2012-07-20,2012-07-20,2141.55,2025-12-31,6915.27,222.9095748406528,9.10749939547828,46.54194537470633,result/index_return_curve/csv/上证红利指数_50__daily.csv,official_or_project_total_return
央企红利指数（50）,2012-07-20,中证红利指数（100）,2008-05-26,2012-07-20,starts_at_main_publish,2005-01-04,2012-07-20,2012-07-20,2012-07-20,2.868448533194778,2026-04-30,12.560321021236712,337.87855615619026,11.314809464323838,45.659296257350945,result/index_return_curve/csv/中证红利指数_100__daily.csv,official_or_project_total_return
央企红利指数（50）,2012-07-20,央企红利指数（50）,2012-07-20,2012-07-20,starts_at_main_publish_next_available,2017-01-26,2017-01-26,2017-01-26,2017-01-26,1.7235204602780847,2026-04-30,3.4762251672885705,101.6932927345517,7.873773113954141,26.466209116719963,result/index_return_curve/csv/央企红利指数_50__daily.csv,official_or_project_total_return
央企红利指数（50）,2012-07-20,国企红利指数（100）,2012-07-20,2012-07-20,starts_at_main_publish_next_available,2017-01-24,2017-01-24,2017-01-24,2017-01-24,1.9351186420161477,2026-04-30,4.429445905939979,128.8978985456447,9.352620751139096,26.794434901277818,result/index_return_curve/csv/国企红利指数_100__daily.csv,official_or_project_total_return
央企红利指数（50）,2012-07-20,消费红利指数（50）,2013-07-02,2013-07-02,starts_at_index_publish_next_available,2015-11-03,2015-11-03,2015-11-03,2015-11-03,1.7739081321258376,2026-04-30,5.791693171007222,226.49341113660165,11.94201427646082,36.558235334561154,result/index_return_curve/csv/消费红利指数_50__daily.csv,official_or_project_total_return
央企红利指数（50）,2012-07-20,中证红利低波动指数（50）,2013-12-19,2013-12-19,starts_at_index_publish_next_available,2017-03-13,2017-03-13,2017-03-13,2017-03-13,11.0052,2026-04-30,23.9599088,117.71443317704357,8.894385757235224,27.527593189401934,result/index_return_curve/csv/中证红利低波动指数_50__daily.csv,official_or_project_total_return
央企红利指数（50）,2012-07-20,港股红利指数（30）,2016-06-08,2016-06-08,starts_at_index_publish,2014-11-14,2016-06-08,2016-06-08,2016-06-08,0.97843,2026-04-30,3.862322166666667,294.7469074605917,14.890419074453076,39.29690689757523,result/index_return_curve/csv/港股红利指数_30__daily.csv,official_or_project_total_return
央企红利指数（50）,2012-07-20,恒生红利低波动指数（50）,2017-05-08,2017-05-08,starts_at_index_publish_next_available,2019-08-12,2019-08-12,2019-08-12,2019-08-12,1000.0,2026-05-01,1698.0958945423456,69.80958945423457,8.199999999998386,33.349647169695906,result/hsi_hshylv_total_return_fit/csv/hshylv_fitted_total_return_daily.csv,价格指数可得起点 2019-08-12 晚于参考基准日 2010-09-30；本结果是截断区间拟合，不是 2010-09-30 起完整拟合。；拟合估算曲线，不是官方 HSHYLVDV/HSHYLVN 历史点位。若要严谨对比，应取得官方全收益历史日线或覆盖基准日的价格日线。
央企红利指数（50）,2012-07-20,中证红利低波动指数（100）,2017-05-26,2017-05-26,starts_at_index_publish,2015-11-09,2017-05-26,2017-05-26,2017-05-26,12.7424,2026-04-30,23.1923902,82.00959159969862,6.937984487978888,26.174383118484947,result/index_return_curve/csv/中证红利低波动指数_100__daily.csv,official_or_project_total_return
央企红利指数（50）,2012-07-20,沪港深红利成长低波动指数（100）,2019-04-25,2019-04-25,starts_at_index_publish,2015-07-21,2019-04-25,2019-04-25,2019-04-25,6187.08,2025-12-31,11667.38,88.57651751714863,9.952393763674227,21.205711771529135,result/index_return_curve/csv/沪港深红利成长低波动指数_100__daily.csv,official_or_project_total_return
央企红利指数（50）,2012-07-20,红利质量指数（50）,2020-05-21,2020-05-21,starts_at_index_publish,2014-06-23,2020-05-21,2020-05-21,2020-05-21,34.78221676958162,2026-04-30,56.50191661180072,62.44484066700948,8.508958154051903,29.1950257296792,result/index_return_curve/csv/红利质量指数_50__daily.csv,official_or_project_total_return
央企红利指数（50）,2012-07-20,龙头红利指数（50）,2021-12-17,2021-12-17,starts_at_index_publish,2011-10-24,2021-12-17,2021-12-17,2021-12-17,5897.39,2026-04-30,8005.24,35.742082514468244,7.248494930135618,19.980398944858614,result/index_return_curve/csv/龙头红利指数_50__daily.csv,official_or_project_total_return
央企红利指数（50）,2012-07-20,港股通央企红利指数（48）,2023-09-13,2023-09-13,starts_at_index_publish,2018-03-28,2023-09-13,2023-09-13,2023-09-13,1505.42,2025-12-31,2340.66,55.482191016460504,21.156537964999966,20.776646053110216,result/index_return_curve/csv/港股通央企红利指数_48__daily.csv,official_or_project_total_return
央企红利指数（50）,2012-07-20,国证自由现金流指数（100）,2024-08-15,2024-08-15,starts_at_index_publish,2014-10-13,2024-08-15,2024-08-15,2024-08-15,6191.0028,2026-04-30,9011.7777,45.562487873531566,24.621221712892382,15.844401254153329,result/index_return_curve/csv/国证自由现金流指数_100__daily.csv,official_or_project_total_return
央企红利指数（50）,2012-07-20,中证全指自由现金流指数（100）,2024-12-11,2024-12-11,starts_at_index_publish,2014-09-02,2024-12-11,2024-12-11,2024-12-11,7306.83,2025-12-31,8583.58,17.47337764803616,16.50690159386743,14.212171130680007,result/index_return_curve/csv/中证全指自由现金流指数_100__daily.csv,official_or_project_total_return
国企红利指数（100）,2012-07-20,上证红利指数（50）,2005-01-04,2012-07-20,starts_at_main_publish,2006-08-17,2012-07-20,2012-07-20,2012-07-20,2141.55,2025-12-31,6915.27,222.9095748406528,9.10749939547828,46.54194537470633,result/index_return_curve/csv/上证红利指数_50__daily.csv,official_or_project_total_return
国企红利指数（100）,2012-07-20,中证红利指数（100）,2008-05-26,2012-07-20,starts_at_main_publish,2005-01-04,2012-07-20,2012-07-20,2012-07-20,2.868448533194778,2026-04-30,12.560321021236712,337.87855615619026,11.314809464323838,45.659296257350945,result/index_return_curve/csv/中证红利指数_100__daily.csv,official_or_project_total_return
国企红利指数（100）,2012-07-20,央企红利指数（50）,2012-07-20,2012-07-20,starts_at_main_publish_next_available,2017-01-26,2017-01-26,2017-01-26,2017-01-26,1.7235204602780847,2026-04-30,3.4762251672885705,101.6932927345517,7.873773113954141,26.466209116719963,result/index_return_curve/csv/央企红利指数_50__daily.csv,official_or_project_total_return
国企红利指数（100）,2012-07-20,国企红利指数（100）,2012-07-20,2012-07-20,starts_at_main_publish_next_available,2017-01-24,2017-01-24,2017-01-24,2017-01-24,1.9351186420161477,2026-04-30,4.429445905939979,128.8978985456447,9.352620751139096,26.794434901277818,result/index_return_curve/csv/国企红利指数_100__daily.csv,official_or_project_total_return
国企红利指数（100）,2012-07-20,消费红利指数（50）,2013-07-02,2013-07-02,starts_at_index_publish_next_available,2015-11-03,2015-11-03,2015-11-03,2015-11-03,1.7739081321258376,2026-04-30,5.791693171007222,226.49341113660165,11.94201427646082,36.558235334561154,result/index_return_curve/csv/消费红利指数_50__daily.csv,official_or_project_total_return
国企红利指数（100）,2012-07-20,中证红利低波动指数（50）,2013-12-19,2013-12-19,starts_at_index_publish_next_available,2017-03-13,2017-03-13,2017-03-13,2017-03-13,11.0052,2026-04-30,23.9599088,117.71443317704357,8.894385757235224,27.527593189401934,result/index_return_curve/csv/中证红利低波动指数_50__daily.csv,official_or_project_total_return
国企红利指数（100）,2012-07-20,港股红利指数（30）,2016-06-08,2016-06-08,starts_at_index_publish,2014-11-14,2016-06-08,2016-06-08,2016-06-08,0.97843,2026-04-30,3.862322166666667,294.7469074605917,14.890419074453076,39.29690689757523,result/index_return_curve/csv/港股红利指数_30__daily.csv,official_or_project_total_return
国企红利指数（100）,2012-07-20,恒生红利低波动指数（50）,2017-05-08,2017-05-08,starts_at_index_publish_next_available,2019-08-12,2019-08-12,2019-08-12,2019-08-12,1000.0,2026-05-01,1698.0958945423456,69.80958945423457,8.199999999998386,33.349647169695906,result/hsi_hshylv_total_return_fit/csv/hshylv_fitted_total_return_daily.csv,价格指数可得起点 2019-08-12 晚于参考基准日 2010-09-30；本结果是截断区间拟合，不是 2010-09-30 起完整拟合。；拟合估算曲线，不是官方 HSHYLVDV/HSHYLVN 历史点位。若要严谨对比，应取得官方全收益历史日线或覆盖基准日的价格日线。
国企红利指数（100）,2012-07-20,中证红利低波动指数（100）,2017-05-26,2017-05-26,starts_at_index_publish,2015-11-09,2017-05-26,2017-05-26,2017-05-26,12.7424,2026-04-30,23.1923902,82.00959159969862,6.937984487978888,26.174383118484947,result/index_return_curve/csv/中证红利低波动指数_100__daily.csv,official_or_project_total_return
国企红利指数（100）,2012-07-20,沪港深红利成长低波动指数（100）,2019-04-25,2019-04-25,starts_at_index_publish,2015-07-21,2019-04-25,2019-04-25,2019-04-25,6187.08,2025-12-31,11667.38,88.57651751714863,9.952393763674227,21.205711771529135,result/index_return_curve/csv/沪港深红利成长低波动指数_100__daily.csv,official_or_project_total_return
国企红利指数（100）,2012-07-20,红利质量指数（50）,2020-05-21,2020-05-21,starts_at_index_publish,2014-06-23,2020-05-21,2020-05-21,2020-05-21,34.78221676958162,2026-04-30,56.50191661180072,62.44484066700948,8.508958154051903,29.1950257296792,result/index_return_curve/csv/红利质量指数_50__daily.csv,official_or_project_total_return
国企红利指数（100）,2012-07-20,龙头红利指数（50）,2021-12-17,2021-12-17,starts_at_index_publish,2011-10-24,2021-12-17,2021-12-17,2021-12-17,5897.39,2026-04-30,8005.24,35.742082514468244,7.248494930135618,19.980398944858614,result/index_return_curve/csv/龙头红利指数_50__daily.csv,official_or_project_total_return
国企红利指数（100）,2012-07-20,港股通央企红利指数（48）,2023-09-13,2023-09-13,starts_at_index_publish,2018-03-28,2023-09-13,2023-09-13,2023-09-13,1505.42,2025-12-31,2340.66,55.482191016460504,21.156537964999966,20.776646053110216,result/index_return_curve/csv/港股通央企红利指数_48__daily.csv,official_or_project_total_return
国企红利指数（100）,2012-07-20,国证自由现金流指数（100）,2024-08-15,2024-08-15,starts_at_index_publish,2014-10-13,2024-08-15,2024-08-15,2024-08-15,6191.0028,2026-04-30,9011.7777,45.562487873531566,24.621221712892382,15.844401254153329,result/index_return_curve/csv/国证自由现金流指数_100__daily.csv,official_or_project_total_return
国企红利指数（100）,2012-07-20,中证全指自由现金流指数（100）,2024-12-11,2024-12-11,starts_at_index_publish,2014-09-02,2024-12-11,2024-12-11,2024-12-11,7306.83,2025-12-31,8583.58,17.47337764803616,16.50690159386743,14.212171130680007,result/index_return_curve/csv/中证全指自由现金流指数_100__daily.csv,official_or_project_total_return
消费红利指数（50）,2013-07-02,上证红利指数（50）,2005-01-04,2013-07-02,starts_at_main_publish,2006-08-17,2013-07-02,2013-07-02,2013-07-02,2086.54,2025-12-31,6915.27,231.42283397394735,10.061719574434225,46.54194537470633,result/index_return_curve/csv/上证红利指数_50__daily.csv,official_or_project_total_return
消费红利指数（50）,2013-07-02,中证红利指数（100）,2008-05-26,2013-07-02,starts_at_main_publish,2005-01-04,2013-07-02,2013-07-02,2013-07-02,2.774047302494512,2026-04-30,12.560321021236712,352.7796267187683,12.49519605330578,45.659296257350945,result/index_return_curve/csv/中证红利指数_100__daily.csv,official_or_project_total_return
消费红利指数（50）,2013-07-02,央企红利指数（50）,2012-07-20,2013-07-02,starts_at_main_publish_next_available,2017-01-26,2017-01-26,2017-01-26,2017-01-26,1.7235204602780847,2026-04-30,3.4762251672885705,101.6932927345517,7.873773113954141,26.466209116719963,result/index_return_curve/csv/央企红利指数_50__daily.csv,official_or_project_total_return
消费红利指数（50）,2013-07-02,国企红利指数（100）,2012-07-20,2013-07-02,starts_at_main_publish_next_available,2017-01-24,2017-01-24,2017-01-24,2017-01-24,1.9351186420161477,2026-04-30,4.429445905939979,128.8978985456447,9.352620751139096,26.794434901277818,result/index_return_curve/csv/国企红利指数_100__daily.csv,official_or_project_total_return
消费红利指数（50）,2013-07-02,消费红利指数（50）,2013-07-02,2013-07-02,starts_at_main_publish_next_available,2015-11-03,2015-11-03,2015-11-03,2015-11-03,1.7739081321258376,2026-04-30,5.791693171007222,226.49341113660165,11.94201427646082,36.558235334561154,result/index_return_curve/csv/消费红利指数_50__daily.csv,official_or_project_total_return
消费红利指数（50）,2013-07-02,中证红利低波动指数（50）,2013-12-19,2013-12-19,starts_at_index_publish_next_available,2017-03-13,2017-03-13,2017-03-13,2017-03-13,11.0052,2026-04-30,23.9599088,117.71443317704357,8.894385757235224,27.527593189401934,result/index_return_curve/csv/中证红利低波动指数_50__daily.csv,official_or_project_total_return
消费红利指数（50）,2013-07-02,港股红利指数（30）,2016-06-08,2016-06-08,starts_at_index_publish,2014-11-14,2016-06-08,2016-06-08,2016-06-08,0.97843,2026-04-30,3.862322166666667,294.7469074605917,14.890419074453076,39.29690689757523,result/index_return_curve/csv/港股红利指数_30__daily.csv,official_or_project_total_return
消费红利指数（50）,2013-07-02,恒生红利低波动指数（50）,2017-05-08,2017-05-08,starts_at_index_publish_next_available,2019-08-12,2019-08-12,2019-08-12,2019-08-12,1000.0,2026-05-01,1698.0958945423456,69.80958945423457,8.199999999998386,33.349647169695906,result/hsi_hshylv_total_return_fit/csv/hshylv_fitted_total_return_daily.csv,价格指数可得起点 2019-08-12 晚于参考基准日 2010-09-30；本结果是截断区间拟合，不是 2010-09-30 起完整拟合。；拟合估算曲线，不是官方 HSHYLVDV/HSHYLVN 历史点位。若要严谨对比，应取得官方全收益历史日线或覆盖基准日的价格日线。
消费红利指数（50）,2013-07-02,中证红利低波动指数（100）,2017-05-26,2017-05-26,starts_at_index_publish,2015-11-09,2017-05-26,2017-05-26,2017-05-26,12.7424,2026-04-30,23.1923902,82.00959159969862,6.937984487978888,26.174383118484947,result/index_return_curve/csv/中证红利低波动指数_100__daily.csv,official_or_project_total_return
消费红利指数（50）,2013-07-02,沪港深红利成长低波动指数（100）,2019-04-25,2019-04-25,starts_at_index_publish,2015-07-21,2019-04-25,2019-04-25,2019-04-25,6187.08,2025-12-31,11667.38,88.57651751714863,9.952393763674227,21.205711771529135,result/index_return_curve/csv/沪港深红利成长低波动指数_100__daily.csv,official_or_project_total_return
消费红利指数（50）,2013-07-02,红利质量指数（50）,2020-05-21,2020-05-21,starts_at_index_publish,2014-06-23,2020-05-21,2020-05-21,2020-05-21,34.78221676958162,2026-04-30,56.50191661180072,62.44484066700948,8.508958154051903,29.1950257296792,result/index_return_curve/csv/红利质量指数_50__daily.csv,official_or_project_total_return
消费红利指数（50）,2013-07-02,龙头红利指数（50）,2021-12-17,2021-12-17,starts_at_index_publish,2011-10-24,2021-12-17,2021-12-17,2021-12-17,5897.39,2026-04-30,8005.24,35.742082514468244,7.248494930135618,19.980398944858614,result/index_return_curve/csv/龙头红利指数_50__daily.csv,official_or_project_total_return
消费红利指数（50）,2013-07-02,港股通央企红利指数（48）,2023-09-13,2023-09-13,starts_at_index_publish,2018-03-28,2023-09-13,2023-09-13,2023-09-13,1505.42,2025-12-31,2340.66,55.482191016460504,21.156537964999966,20.776646053110216,result/index_return_curve/csv/港股通央企红利指数_48__daily.csv,official_or_project_total_return
消费红利指数（50）,2013-07-02,国证自由现金流指数（100）,2024-08-15,2024-08-15,starts_at_index_publish,2014-10-13,2024-08-15,2024-08-15,2024-08-15,6191.0028,2026-04-30,9011.7777,45.562487873531566,24.621221712892382,15.844401254153329,result/index_return_curve/csv/国证自由现金流指数_100__daily.csv,official_or_project_total_return
消费红利指数（50）,2013-07-02,中证全指自由现金流指数（100）,2024-12-11,2024-12-11,starts_at_index_publish,2014-09-02,2024-12-11,2024-12-11,2024-12-11,7306.83,2025-12-31,8583.58,17.47337764803616,16.50690159386743,14.212171130680007,result/index_return_curve/csv/中证全指自由现金流指数_100__daily.csv,official_or_project_total_return
中证红利低波动指数（50）,2013-12-19,上证红利指数（50）,2005-01-04,2013-12-19,starts_at_main_publish,2006-08-17,2013-12-19,2013-12-19,2013-12-19,2172.34,2025-12-31,6915.27,218.33276558918033,10.101277293982891,46.54194537470633,result/index_return_curve/csv/上证红利指数_50__daily.csv,official_or_project_total_return
中证红利低波动指数（50）,2013-12-19,中证红利指数（100）,2008-05-26,2013-12-19,starts_at_main_publish,2005-01-04,2013-12-19,2013-12-19,2013-12-19,2.9408336771755024,2026-04-30,12.560321021236712,327.10069320547774,12.462572652202608,45.659296257350945,result/index_return_curve/csv/中证红利指数_100__daily.csv,official_or_project_total_return
中证红利低波动指数（50）,2013-12-19,央企红利指数（50）,2012-07-20,2013-12-19,starts_at_main_publish_next_available,2017-01-26,2017-01-26,2017-01-26,2017-01-26,1.7235204602780847,2026-04-30,3.4762251672885705,101.6932927345517,7.873773113954141,26.466209116719963,result/index_return_curve/csv/央企红利指数_50__daily.csv,official_or_project_total_return
中证红利低波动指数（50）,2013-12-19,国企红利指数（100）,2012-07-20,2013-12-19,starts_at_main_publish_next_available,2017-01-24,2017-01-24,2017-01-24,2017-01-24,1.9351186420161477,2026-04-30,4.429445905939979,128.8978985456447,9.352620751139096,26.794434901277818,result/index_return_curve/csv/国企红利指数_100__daily.csv,official_or_project_total_return
中证红利低波动指数（50）,2013-12-19,消费红利指数（50）,2013-07-02,2013-12-19,starts_at_main_publish_next_available,2015-11-03,2015-11-03,2015-11-03,2015-11-03,1.7739081321258376,2026-04-30,5.791693171007222,226.49341113660165,11.94201427646082,36.558235334561154,result/index_return_curve/csv/消费红利指数_50__daily.csv,official_or_project_total_return
中证红利低波动指数（50）,2013-12-19,中证红利低波动指数（50）,2013-12-19,2013-12-19,starts_at_main_publish_next_available,2017-03-13,2017-03-13,2017-03-13,2017-03-13,11.0052,2026-04-30,23.9599088,117.71443317704357,8.894385757235224,27.527593189401934,result/index_return_curve/csv/中证红利低波动指数_50__daily.csv,official_or_project_total_return
中证红利低波动指数（50）,2013-12-19,港股红利指数（30）,2016-06-08,2016-06-08,starts_at_index_publish,2014-11-14,2016-06-08,2016-06-08,2016-06-08,0.97843,2026-04-30,3.862322166666667,294.7469074605917,14.890419074453076,39.29690689757523,result/index_return_curve/csv/港股红利指数_30__daily.csv,official_or_project_total_return
中证红利低波动指数（50）,2013-12-19,恒生红利低波动指数（50）,2017-05-08,2017-05-08,starts_at_index_publish_next_available,2019-08-12,2019-08-12,2019-08-12,2019-08-12,1000.0,2026-05-01,1698.0958945423456,69.80958945423457,8.199999999998386,33.349647169695906,result/hsi_hshylv_total_return_fit/csv/hshylv_fitted_total_return_daily.csv,价格指数可得起点 2019-08-12 晚于参考基准日 2010-09-30；本结果是截断区间拟合，不是 2010-09-30 起完整拟合。；拟合估算曲线，不是官方 HSHYLVDV/HSHYLVN 历史点位。若要严谨对比，应取得官方全收益历史日线或覆盖基准日的价格日线。
中证红利低波动指数（50）,2013-12-19,中证红利低波动指数（100）,2017-05-26,2017-05-26,starts_at_index_publish,2015-11-09,2017-05-26,2017-05-26,2017-05-26,12.7424,2026-04-30,23.1923902,82.00959159969862,6.937984487978888,26.174383118484947,result/index_return_curve/csv/中证红利低波动指数_100__daily.csv,official_or_project_total_return
中证红利低波动指数（50）,2013-12-19,沪港深红利成长低波动指数（100）,2019-04-25,2019-04-25,starts_at_index_publish,2015-07-21,2019-04-25,2019-04-25,2019-04-25,6187.08,2025-12-31,11667.38,88.57651751714863,9.952393763674227,21.205711771529135,result/index_return_curve/csv/沪港深红利成长低波动指数_100__daily.csv,official_or_project_total_return
中证红利低波动指数（50）,2013-12-19,红利质量指数（50）,2020-05-21,2020-05-21,starts_at_index_publish,2014-06-23,2020-05-21,2020-05-21,2020-05-21,34.78221676958162,2026-04-30,56.50191661180072,62.44484066700948,8.508958154051903,29.1950257296792,result/index_return_curve/csv/红利质量指数_50__daily.csv,official_or_project_total_return
中证红利低波动指数（50）,2013-12-19,龙头红利指数（50）,2021-12-17,2021-12-17,starts_at_index_publish,2011-10-24,2021-12-17,2021-12-17,2021-12-17,5897.39,2026-04-30,8005.24,35.742082514468244,7.248494930135618,19.980398944858614,result/index_return_curve/csv/龙头红利指数_50__daily.csv,official_or_project_total_return
中证红利低波动指数（50）,2013-12-19,港股通央企红利指数（48）,2023-09-13,2023-09-13,starts_at_index_publish,2018-03-28,2023-09-13,2023-09-13,2023-09-13,1505.42,2025-12-31,2340.66,55.482191016460504,21.156537964999966,20.776646053110216,result/index_return_curve/csv/港股通央企红利指数_48__daily.csv,official_or_project_total_return
中证红利低波动指数（50）,2013-12-19,国证自由现金流指数（100）,2024-08-15,2024-08-15,starts_at_index_publish,2014-10-13,2024-08-15,2024-08-15,2024-08-15,6191.0028,2026-04-30,9011.7777,45.562487873531566,24.621221712892382,15.844401254153329,result/index_return_curve/csv/国证自由现金流指数_100__daily.csv,official_or_project_total_return
中证红利低波动指数（50）,2013-12-19,中证全指自由现金流指数（100）,2024-12-11,2024-12-11,starts_at_index_publish,2014-09-02,2024-12-11,2024-12-11,2024-12-11,7306.83,2025-12-31,8583.58,17.47337764803616,16.50690159386743,14.212171130680007,result/index_return_curve/csv/中证全指自由现金流指数_100__daily.csv,official_or_project_total_return
港股红利指数（30）,2016-06-08,上证红利指数（50）,2005-01-04,2016-06-08,starts_at_main_publish,2006-08-17,2016-06-08,2016-06-08,2016-06-08,3301.26,2025-12-31,6915.27,109.47365551334944,8.038689227542672,23.391061168454776,result/index_return_curve/csv/上证红利指数_50__daily.csv,official_or_project_total_return
港股红利指数（30）,2016-06-08,中证红利指数（100）,2008-05-26,2016-06-08,starts_at_main_publish,2005-01-04,2016-06-08,2016-06-08,2016-06-08,5.123635455985656,2026-04-30,12.560321021236712,145.14470494896733,9.488371774982118,27.08301693562153,result/index_return_curve/csv/中证红利指数_100__daily.csv,official_or_project_total_return
港股红利指数（30）,2016-06-08,央企红利指数（50）,2012-07-20,2016-06-08,starts_at_main_publish_next_available,2017-01-26,2017-01-26,2017-01-26,2017-01-26,1.7235204602780847,2026-04-30,3.4762251672885705,101.6932927345517,7.873773113954141,26.466209116719963,result/index_return_curve/csv/央企红利指数_50__daily.csv,official_or_project_total_return
港股红利指数（30）,2016-06-08,国企红利指数（100）,2012-07-20,2016-06-08,starts_at_main_publish_next_available,2017-01-24,2017-01-24,2017-01-24,2017-01-24,1.9351186420161477,2026-04-30,4.429445905939979,128.8978985456447,9.352620751139096,26.794434901277818,result/index_return_curve/csv/国企红利指数_100__daily.csv,official_or_project_total_return
港股红利指数（30）,2016-06-08,消费红利指数（50）,2013-07-02,2016-06-08,starts_at_main_publish,2015-11-03,2016-06-08,2016-06-08,2016-06-08,1.9534110603096333,2026-04-30,5.791693171007222,196.4912653913809,11.613628960227906,36.558235334561154,result/index_return_curve/csv/消费红利指数_50__daily.csv,official_or_project_total_return
港股红利指数（30）,2016-06-08,中证红利低波动指数（50）,2013-12-19,2016-06-08,starts_at_main_publish_next_available,2017-03-13,2017-03-13,2017-03-13,2017-03-13,11.0052,2026-04-30,23.9599088,117.71443317704357,8.894385757235224,27.527593189401934,result/index_return_curve/csv/中证红利低波动指数_50__daily.csv,official_or_project_total_return
港股红利指数（30）,2016-06-08,港股红利指数（30）,2016-06-08,2016-06-08,starts_at_main_publish,2014-11-14,2016-06-08,2016-06-08,2016-06-08,0.97843,2026-04-30,3.862322166666667,294.7469074605917,14.890419074453076,39.29690689757523,result/index_return_curve/csv/港股红利指数_30__daily.csv,official_or_project_total_return
港股红利指数（30）,2016-06-08,恒生红利低波动指数（50）,2017-05-08,2017-05-08,starts_at_index_publish_next_available,2019-08-12,2019-08-12,2019-08-12,2019-08-12,1000.0,2026-05-01,1698.0958945423456,69.80958945423457,8.199999999998386,33.349647169695906,result/hsi_hshylv_total_return_fit/csv/hshylv_fitted_total_return_daily.csv,价格指数可得起点 2019-08-12 晚于参考基准日 2010-09-30；本结果是截断区间拟合，不是 2010-09-30 起完整拟合。；拟合估算曲线，不是官方 HSHYLVDV/HSHYLVN 历史点位。若要严谨对比，应取得官方全收益历史日线或覆盖基准日的价格日线。
港股红利指数（30）,2016-06-08,中证红利低波动指数（100）,2017-05-26,2017-05-26,starts_at_index_publish,2015-11-09,2017-05-26,2017-05-26,2017-05-26,12.7424,2026-04-30,23.1923902,82.00959159969862,6.937984487978888,26.174383118484947,result/index_return_curve/csv/中证红利低波动指数_100__daily.csv,official_or_project_total_return
港股红利指数（30）,2016-06-08,沪港深红利成长低波动指数（100）,2019-04-25,2019-04-25,starts_at_index_publish,2015-07-21,2019-04-25,2019-04-25,2019-04-25,6187.08,2025-12-31,11667.38,88.57651751714863,9.952393763674227,21.205711771529135,result/index_return_curve/csv/沪港深红利成长低波动指数_100__daily.csv,official_or_project_total_return
港股红利指数（30）,2016-06-08,红利质量指数（50）,2020-05-21,2020-05-21,starts_at_index_publish,2014-06-23,2020-05-21,2020-05-21,2020-05-21,34.78221676958162,2026-04-30,56.50191661180072,62.44484066700948,8.508958154051903,29.1950257296792,result/index_return_curve/csv/红利质量指数_50__daily.csv,official_or_project_total_return
港股红利指数（30）,2016-06-08,龙头红利指数（50）,2021-12-17,2021-12-17,starts_at_index_publish,2011-10-24,2021-12-17,2021-12-17,2021-12-17,5897.39,2026-04-30,8005.24,35.742082514468244,7.248494930135618,19.980398944858614,result/index_return_curve/csv/龙头红利指数_50__daily.csv,official_or_project_total_return
港股红利指数（30）,2016-06-08,港股通央企红利指数（48）,2023-09-13,2023-09-13,starts_at_index_publish,2018-03-28,2023-09-13,2023-09-13,2023-09-13,1505.42,2025-12-31,2340.66,55.482191016460504,21.156537964999966,20.776646053110216,result/index_return_curve/csv/港股通央企红利指数_48__daily.csv,official_or_project_total_return
港股红利指数（30）,2016-06-08,国证自由现金流指数（100）,2024-08-15,2024-08-15,starts_at_index_publish,2014-10-13,2024-08-15,2024-08-15,2024-08-15,6191.0028,2026-04-30,9011.7777,45.562487873531566,24.621221712892382,15.844401254153329,result/index_return_curve/csv/国证自由现金流指数_100__daily.csv,official_or_project_total_return
港股红利指数（30）,2016-06-08,中证全指自由现金流指数（100）,2024-12-11,2024-12-11,starts_at_index_publish,2014-09-02,2024-12-11,2024-12-11,2024-12-11,7306.83,2025-12-31,8583.58,17.47337764803616,16.50690159386743,14.212171130680007,result/index_return_curve/csv/中证全指自由现金流指数_100__daily.csv,official_or_project_total_return
恒生红利低波动指数（50）,2017-05-08,上证红利指数（50）,2005-01-04,2017-05-08,starts_at_main_publish,2006-08-17,2017-05-08,2017-05-08,2017-05-08,3856.42,2025-12-31,6915.27,79.31838337110587,6.985425069145013,23.391061168454776,result/index_return_curve/csv/上证红利指数_50__daily.csv,official_or_project_total_return
恒生红利低波动指数（50）,2017-05-08,中证红利指数（100）,2008-05-26,2017-05-08,starts_at_main_publish,2005-01-04,2017-05-08,2017-05-08,2017-05-08,5.940747079888545,2026-04-30,12.560321021236712,111.42662450245835,8.697549532137906,27.08301693562153,result/index_return_curve/csv/中证红利指数_100__daily.csv,official_or_project_total_return
恒生红利低波动指数（50）,2017-05-08,央企红利指数（50）,2012-07-20,2017-05-08,starts_at_main_publish,2017-01-26,2017-05-08,2017-05-08,2017-05-08,1.7184548998353173,2026-04-30,3.4762251672885705,102.2878323790577,8.163859659908002,26.466209116719963,result/index_return_curve/csv/央企红利指数_50__daily.csv,official_or_project_total_return
恒生红利低波动指数（50）,2017-05-08,国企红利指数（100）,2012-07-20,2017-05-08,starts_at_main_publish,2017-01-24,2017-05-08,2017-05-08,2017-05-08,1.9898195038521216,2026-04-30,4.429445905939979,122.60541206702156,9.323174926895073,26.794434901277818,result/index_return_curve/csv/国企红利指数_100__daily.csv,official_or_project_total_return
恒生红利低波动指数（50）,2017-05-08,消费红利指数（50）,2013-07-02,2017-05-08,starts_at_main_publish,2015-11-03,2017-05-08,2017-05-08,2017-05-08,2.340302847435933,2026-04-30,5.791693171007222,147.47622630774814,10.620586754335172,36.558235334561154,result/index_return_curve/csv/消费红利指数_50__daily.csv,official_or_project_total_return
恒生红利低波动指数（50）,2017-05-08,中证红利低波动指数（50）,2013-12-19,2017-05-08,starts_at_main_publish,2017-03-13,2017-05-08,2017-05-08,2017-05-08,11.1498,2026-04-30,23.9599088,114.89092898527326,8.894512299361178,27.527593189401934,result/index_return_curve/csv/中证红利低波动指数_50__daily.csv,official_or_project_total_return
恒生红利低波动指数（50）,2017-05-08,港股红利指数（30）,2016-06-08,2017-05-08,starts_at_main_publish,2014-11-14,2017-05-08,2017-05-08,2017-05-08,1.2561566666666666,2026-04-30,3.862322166666667,207.47137432432794,13.327912754123062,39.29690689757523,result/index_return_curve/csv/港股红利指数_30__daily.csv,official_or_project_total_return
恒生红利低波动指数（50）,2017-05-08,恒生红利低波动指数（50）,2017-05-08,2017-05-08,starts_at_main_publish_next_available,2019-08-12,2019-08-12,2019-08-12,2019-08-12,1000.0,2026-05-01,1698.0958945423456,69.80958945423457,8.199999999998386,33.349647169695906,result/hsi_hshylv_total_return_fit/csv/hshylv_fitted_total_return_daily.csv,价格指数可得起点 2019-08-12 晚于参考基准日 2010-09-30；本结果是截断区间拟合，不是 2010-09-30 起完整拟合。；拟合估算曲线，不是官方 HSHYLVDV/HSHYLVN 历史点位。若要严谨对比，应取得官方全收益历史日线或覆盖基准日的价格日线。
恒生红利低波动指数（50）,2017-05-08,中证红利低波动指数（100）,2017-05-26,2017-05-26,starts_at_index_publish,2015-11-09,2017-05-26,2017-05-26,2017-05-26,12.7424,2026-04-30,23.1923902,82.00959159969862,6.937984487978888,26.174383118484947,result/index_return_curve/csv/中证红利低波动指数_100__daily.csv,official_or_project_total_return
恒生红利低波动指数（50）,2017-05-08,沪港深红利成长低波动指数（100）,2019-04-25,2019-04-25,starts_at_index_publish,2015-07-21,2019-04-25,2019-04-25,2019-04-25,6187.08,2025-12-31,11667.38,88.57651751714863,9.952393763674227,21.205711771529135,result/index_return_curve/csv/沪港深红利成长低波动指数_100__daily.csv,official_or_project_total_return
恒生红利低波动指数（50）,2017-05-08,红利质量指数（50）,2020-05-21,2020-05-21,starts_at_index_publish,2014-06-23,2020-05-21,2020-05-21,2020-05-21,34.78221676958162,2026-04-30,56.50191661180072,62.44484066700948,8.508958154051903,29.1950257296792,result/index_return_curve/csv/红利质量指数_50__daily.csv,official_or_project_total_return
恒生红利低波动指数（50）,2017-05-08,龙头红利指数（50）,2021-12-17,2021-12-17,starts_at_index_publish,2011-10-24,2021-12-17,2021-12-17,2021-12-17,5897.39,2026-04-30,8005.24,35.742082514468244,7.248494930135618,19.980398944858614,result/index_return_curve/csv/龙头红利指数_50__daily.csv,official_or_project_total_return
恒生红利低波动指数（50）,2017-05-08,港股通央企红利指数（48）,2023-09-13,2023-09-13,starts_at_index_publish,2018-03-28,2023-09-13,2023-09-13,2023-09-13,1505.42,2025-12-31,2340.66,55.482191016460504,21.156537964999966,20.776646053110216,result/index_return_curve/csv/港股通央企红利指数_48__daily.csv,official_or_project_total_return
恒生红利低波动指数（50）,2017-05-08,国证自由现金流指数（100）,2024-08-15,2024-08-15,starts_at_index_publish,2014-10-13,2024-08-15,2024-08-15,2024-08-15,6191.0028,2026-04-30,9011.7777,45.562487873531566,24.621221712892382,15.844401254153329,result/index_return_curve/csv/国证自由现金流指数_100__daily.csv,official_or_project_total_return
恒生红利低波动指数（50）,2017-05-08,中证全指自由现金流指数（100）,2024-12-11,2024-12-11,starts_at_index_publish,2014-09-02,2024-12-11,2024-12-11,2024-12-11,7306.83,2025-12-31,8583.58,17.47337764803616,16.50690159386743,14.212171130680007,result/index_return_curve/csv/中证全指自由现金流指数_100__daily.csv,official_or_project_total_return
中证红利低波动指数（100）,2017-05-26,上证红利指数（50）,2005-01-04,2017-05-26,starts_at_main_publish,2006-08-17,2017-05-26,2017-05-26,2017-05-26,4005.73,2025-12-31,6915.27,72.63445114872947,6.555109128633418,23.391061168454776,result/index_return_curve/csv/上证红利指数_50__daily.csv,official_or_project_total_return
中证红利低波动指数（100）,2017-05-26,中证红利指数（100）,2008-05-26,2017-05-26,starts_at_main_publish,2005-01-04,2017-05-26,2017-05-26,2017-05-26,6.164117140659465,2026-04-30,12.560321021236712,103.7651253962535,8.298951051824478,27.08301693562153,result/index_return_curve/csv/中证红利指数_100__daily.csv,official_or_project_total_return
中证红利低波动指数（100）,2017-05-26,央企红利指数（50）,2012-07-20,2017-05-26,starts_at_main_publish,2017-01-26,2017-05-26,2017-05-26,2017-05-26,1.7986960872193618,2026-04-30,3.4762251672885705,93.26361979596744,7.659012453721226,26.466209116719963,result/index_return_curve/csv/央企红利指数_50__daily.csv,official_or_project_total_return
中证红利低波动指数（100）,2017-05-26,国企红利指数（100）,2012-07-20,2017-05-26,starts_at_main_publish,2017-01-24,2017-05-26,2017-05-26,2017-05-26,2.089120038234254,2026-04-30,4.429445905939979,112.0244803972008,8.781998797290026,26.794434901277818,result/index_return_curve/csv/国企红利指数_100__daily.csv,official_or_project_total_return
中证红利低波动指数（100）,2017-05-26,消费红利指数（50）,2013-07-02,2017-05-26,starts_at_main_publish,2015-11-03,2017-05-26,2017-05-26,2017-05-26,2.4359332283897457,2026-04-30,5.791693171007222,137.760752368232,10.18685180794252,36.558235334561154,result/index_return_curve/csv/消费红利指数_50__daily.csv,official_or_project_total_return
中证红利低波动指数（100）,2017-05-26,中证红利低波动指数（50）,2013-12-19,2017-05-26,starts_at_main_publish,2017-03-13,2017-05-26,2017-05-26,2017-05-26,11.6516,2026-04-30,23.9599088,105.63621133578222,8.40988475469986,27.527593189401934,result/index_return_curve/csv/中证红利低波动指数_50__daily.csv,official_or_project_total_return
中证红利低波动指数（100）,2017-05-26,港股红利指数（30）,2016-06-08,2017-05-26,starts_at_main_publish,2014-11-14,2017-05-26,2017-05-26,2017-05-26,1.41305,2026-04-30,3.862322166666667,173.3323071842233,11.921055896830923,39.29690689757523,result/index_return_curve/csv/港股红利指数_30__daily.csv,official_or_project_total_return
中证红利低波动指数（100）,2017-05-26,恒生红利低波动指数（50）,2017-05-08,2017-05-26,starts_at_main_publish_next_available,2019-08-12,2019-08-12,2019-08-12,2019-08-12,1000.0,2026-05-01,1698.0958945423456,69.80958945423457,8.199999999998386,33.349647169695906,result/hsi_hshylv_total_return_fit/csv/hshylv_fitted_total_return_daily.csv,价格指数可得起点 2019-08-12 晚于参考基准日 2010-09-30；本结果是截断区间拟合，不是 2010-09-30 起完整拟合。；拟合估算曲线，不是官方 HSHYLVDV/HSHYLVN 历史点位。若要严谨对比，应取得官方全收益历史日线或覆盖基准日的价格日线。
中证红利低波动指数（100）,2017-05-26,中证红利低波动指数（100）,2017-05-26,2017-05-26,starts_at_main_publish,2015-11-09,2017-05-26,2017-05-26,2017-05-26,12.7424,2026-04-30,23.1923902,82.00959159969862,6.937984487978888,26.174383118484947,result/index_return_curve/csv/中证红利低波动指数_100__daily.csv,official_or_project_total_return
中证红利低波动指数（100）,2017-05-26,沪港深红利成长低波动指数（100）,2019-04-25,2019-04-25,starts_at_index_publish,2015-07-21,2019-04-25,2019-04-25,2019-04-25,6187.08,2025-12-31,11667.38,88.57651751714863,9.952393763674227,21.205711771529135,result/index_return_curve/csv/沪港深红利成长低波动指数_100__daily.csv,official_or_project_total_return
中证红利低波动指数（100）,2017-05-26,红利质量指数（50）,2020-05-21,2020-05-21,starts_at_index_publish,2014-06-23,2020-05-21,2020-05-21,2020-05-21,34.78221676958162,2026-04-30,56.50191661180072,62.44484066700948,8.508958154051903,29.1950257296792,result/index_return_curve/csv/红利质量指数_50__daily.csv,official_or_project_total_return
中证红利低波动指数（100）,2017-05-26,龙头红利指数（50）,2021-12-17,2021-12-17,starts_at_index_publish,2011-10-24,2021-12-17,2021-12-17,2021-12-17,5897.39,2026-04-30,8005.24,35.742082514468244,7.248494930135618,19.980398944858614,result/index_return_curve/csv/龙头红利指数_50__daily.csv,official_or_project_total_return
中证红利低波动指数（100）,2017-05-26,港股通央企红利指数（48）,2023-09-13,2023-09-13,starts_at_index_publish,2018-03-28,2023-09-13,2023-09-13,2023-09-13,1505.42,2025-12-31,2340.66,55.482191016460504,21.156537964999966,20.776646053110216,result/index_return_curve/csv/港股通央企红利指数_48__daily.csv,official_or_project_total_return
中证红利低波动指数（100）,2017-05-26,国证自由现金流指数（100）,2024-08-15,2024-08-15,starts_at_index_publish,2014-10-13,2024-08-15,2024-08-15,2024-08-15,6191.0028,2026-04-30,9011.7777,45.562487873531566,24.621221712892382,15.844401254153329,result/index_return_curve/csv/国证自由现金流指数_100__daily.csv,official_or_project_total_return
中证红利低波动指数（100）,2017-05-26,中证全指自由现金流指数（100）,2024-12-11,2024-12-11,starts_at_index_publish,2014-09-02,2024-12-11,2024-12-11,2024-12-11,7306.83,2025-12-31,8583.58,17.47337764803616,16.50690159386743,14.212171130680007,result/index_return_curve/csv/中证全指自由现金流指数_100__daily.csv,official_or_project_total_return
沪港深红利成长低波动指数（100）,2019-04-25,上证红利指数（50）,2005-01-04,2019-04-25,starts_at_main_publish,2006-08-17,2019-04-25,2019-04-25,2019-04-25,4508.08,2025-12-31,6915.27,53.397233412006905,6.60872075163621,19.863920466462524,result/index_return_curve/csv/上证红利指数_50__daily.csv,official_or_project_total_return
沪港深红利成长低波动指数（100）,2019-04-25,中证红利指数（100）,2008-05-26,2019-04-25,starts_at_main_publish,2005-01-04,2019-04-25,2019-04-25,2019-04-25,7.238972854297518,2026-04-30,12.560321021236712,73.5097129668072,8.173044603449032,18.389773698700928,result/index_return_curve/csv/中证红利指数_100__daily.csv,official_or_project_total_return
沪港深红利成长低波动指数（100）,2019-04-25,央企红利指数（50）,2012-07-20,2019-04-25,starts_at_main_publish,2017-01-26,2019-04-25,2019-04-25,2019-04-25,2.212399157824519,2026-04-30,3.4762251672885705,57.124683174567316,6.654078526446905,22.519339307082753,result/index_return_curve/csv/央企红利指数_50__daily.csv,official_or_project_total_return
沪港深红利成长低波动指数（100）,2019-04-25,国企红利指数（100）,2012-07-20,2019-04-25,starts_at_main_publish,2017-01-24,2019-04-25,2019-04-25,2019-04-25,2.5636985379363315,2026-04-30,4.429445905939979,72.77561462064472,8.107678935190776,18.93694514695674,result/index_return_curve/csv/国企红利指数_100__daily.csv,official_or_project_total_return
沪港深红利成长低波动指数（100）,2019-04-25,消费红利指数（50）,2013-07-02,2019-04-25,starts_at_main_publish,2015-11-03,2019-04-25,2019-04-25,2019-04-25,3.85828750104693,2026-04-30,5.791693171007222,50.11046142714017,5.961945414574599,36.558235334561154,result/index_return_curve/csv/消费红利指数_50__daily.csv,official_or_project_total_return
沪港深红利成长低波动指数（100）,2019-04-25,中证红利低波动指数（50）,2013-12-19,2019-04-25,starts_at_main_publish,2017-03-13,2019-04-25,2019-04-25,2019-04-25,12.6898,2026-04-30,23.9599088,88.81234377216347,9.484365732651302,17.540171082892464,result/index_return_curve/csv/中证红利低波动指数_50__daily.csv,official_or_project_total_return
沪港深红利成长低波动指数（100）,2019-04-25,港股红利指数（30）,2016-06-08,2019-04-25,starts_at_main_publish,2014-11-14,2019-04-25,2019-04-25,2019-04-25,2.01051,2026-04-30,3.862322166666667,92.10658821227781,9.75467620143904,34.75816415932186,result/index_return_curve/csv/港股红利指数_30__daily.csv,official_or_project_total_return
沪港深红利成长低波动指数（100）,2019-04-25,恒生红利低波动指数（50）,2017-05-08,2019-04-25,starts_at_main_publish_next_available,2019-08-12,2019-08-12,2019-08-12,2019-08-12,1000.0,2026-05-01,1698.0958945423456,69.80958945423457,8.199999999998386,33.349647169695906,result/hsi_hshylv_total_return_fit/csv/hshylv_fitted_total_return_daily.csv,价格指数可得起点 2019-08-12 晚于参考基准日 2010-09-30；本结果是截断区间拟合，不是 2010-09-30 起完整拟合。；拟合估算曲线，不是官方 HSHYLVDV/HSHYLVN 历史点位。若要严谨对比，应取得官方全收益历史日线或覆盖基准日的价格日线。
沪港深红利成长低波动指数（100）,2019-04-25,中证红利低波动指数（100）,2017-05-26,2019-04-25,starts_at_main_publish,2015-11-09,2019-04-25,2019-04-25,2019-04-25,13.7376,2026-04-30,23.1923902,68.8241774400186,7.751688392054046,16.987683438155145,result/index_return_curve/csv/中证红利低波动指数_100__daily.csv,official_or_project_total_return
沪港深红利成长低波动指数（100）,2019-04-25,沪港深红利成长低波动指数（100）,2019-04-25,2019-04-25,starts_at_main_publish,2015-07-21,2019-04-25,2019-04-25,2019-04-25,6187.08,2025-12-31,11667.38,88.57651751714863,9.952393763674227,21.205711771529135,result/index_return_curve/csv/沪港深红利成长低波动指数_100__daily.csv,official_or_project_total_return
沪港深红利成长低波动指数（100）,2019-04-25,红利质量指数（50）,2020-05-21,2020-05-21,starts_at_index_publish,2014-06-23,2020-05-21,2020-05-21,2020-05-21,34.78221676958162,2026-04-30,56.50191661180072,62.44484066700948,8.508958154051903,29.1950257296792,result/index_return_curve/csv/红利质量指数_50__daily.csv,official_or_project_total_return
沪港深红利成长低波动指数（100）,2019-04-25,龙头红利指数（50）,2021-12-17,2021-12-17,starts_at_index_publish,2011-10-24,2021-12-17,2021-12-17,2021-12-17,5897.39,2026-04-30,8005.24,35.742082514468244,7.248494930135618,19.980398944858614,result/index_return_curve/csv/龙头红利指数_50__daily.csv,official_or_project_total_return
沪港深红利成长低波动指数（100）,2019-04-25,港股通央企红利指数（48）,2023-09-13,2023-09-13,starts_at_index_publish,2018-03-28,2023-09-13,2023-09-13,2023-09-13,1505.42,2025-12-31,2340.66,55.482191016460504,21.156537964999966,20.776646053110216,result/index_return_curve/csv/港股通央企红利指数_48__daily.csv,official_or_project_total_return
沪港深红利成长低波动指数（100）,2019-04-25,国证自由现金流指数（100）,2024-08-15,2024-08-15,starts_at_index_publish,2014-10-13,2024-08-15,2024-08-15,2024-08-15,6191.0028,2026-04-30,9011.7777,45.562487873531566,24.621221712892382,15.844401254153329,result/index_return_curve/csv/国证自由现金流指数_100__daily.csv,official_or_project_total_return
沪港深红利成长低波动指数（100）,2019-04-25,中证全指自由现金流指数（100）,2024-12-11,2024-12-11,starts_at_index_publish,2014-09-02,2024-12-11,2024-12-11,2024-12-11,7306.83,2025-12-31,8583.58,17.47337764803616,16.50690159386743,14.212171130680007,result/index_return_curve/csv/中证全指自由现金流指数_100__daily.csv,official_or_project_total_return
红利质量指数（50）,2020-05-21,上证红利指数（50）,2005-01-04,2020-05-21,starts_at_main_publish,2006-08-17,2020-05-21,2020-05-21,2020-05-21,3930.16,2025-12-31,6915.27,75.95390518452176,10.591794056027325,19.863920466462524,result/index_return_curve/csv/上证红利指数_50__daily.csv,official_or_project_total_return
红利质量指数（50）,2020-05-21,中证红利指数（100）,2008-05-26,2020-05-21,starts_at_main_publish,2005-01-04,2020-05-21,2020-05-21,2020-05-21,6.42677180596095,2026-04-30,12.560321021236712,95.43748246338515,11.939110838129574,18.389773698700928,result/index_return_curve/csv/中证红利指数_100__daily.csv,official_or_project_total_return
红利质量指数（50）,2020-05-21,央企红利指数（50）,2012-07-20,2020-05-21,starts_at_main_publish,2017-01-26,2020-05-21,2020-05-21,2020-05-21,1.7419222029976444,2026-04-30,3.4762251672885705,99.56259592457077,12.333350668098642,22.337683404251962,result/index_return_curve/csv/央企红利指数_50__daily.csv,official_or_project_total_return
红利质量指数（50）,2020-05-21,国企红利指数（100）,2012-07-20,2020-05-21,starts_at_main_publish,2017-01-24,2020-05-21,2020-05-21,2020-05-21,2.2171901788891404,2026-04-30,4.429445905939979,99.77744571100465,12.353697679947317,18.93694514695674,result/index_return_curve/csv/国企红利指数_100__daily.csv,official_or_project_total_return
红利质量指数（50）,2020-05-21,消费红利指数（50）,2013-07-02,2020-05-21,starts_at_main_publish,2015-11-03,2020-05-21,2020-05-21,2020-05-21,4.6589369200274025,2026-04-30,5.791693171007222,24.313620691244676,3.731151410711697,36.558235334561154,result/index_return_curve/csv/消费红利指数_50__daily.csv,official_or_project_total_return
红利质量指数（50）,2020-05-21,中证红利低波动指数（50）,2013-12-19,2020-05-21,starts_at_main_publish,2017-03-13,2020-05-21,2020-05-21,2020-05-21,11.588299999999998,2026-04-30,23.9599088,106.75947982016348,13.005219102636389,16.92246710928984,result/index_return_curve/csv/中证红利低波动指数_50__daily.csv,official_or_project_total_return
红利质量指数（50）,2020-05-21,港股红利指数（30）,2016-06-08,2020-05-21,starts_at_main_publish,2014-11-14,2020-05-21,2020-05-21,2020-05-21,1.7184933333333332,2026-04-30,3.862322166666667,124.75048880026694,14.603409806435707,34.75816415932186,result/index_return_curve/csv/港股红利指数_30__daily.csv,official_or_project_total_return
红利质量指数（50）,2020-05-21,恒生红利低波动指数（50）,2017-05-08,2020-05-21,starts_at_main_publish,2019-08-12,2020-05-21,2020-05-21,2020-05-21,974.3499990793448,2026-05-01,1698.0958945423456,74.2798682349117,9.796258105692024,33.349647169695906,result/hsi_hshylv_total_return_fit/csv/hshylv_fitted_total_return_daily.csv,价格指数可得起点 2019-08-12 晚于参考基准日 2010-09-30；本结果是截断区间拟合，不是 2010-09-30 起完整拟合。；拟合估算曲线，不是官方 HSHYLVDV/HSHYLVN 历史点位。若要严谨对比，应取得官方全收益历史日线或覆盖基准日的价格日线。
红利质量指数（50）,2020-05-21,中证红利低波动指数（100）,2017-05-26,2020-05-21,starts_at_main_publish,2015-11-09,2020-05-21,2020-05-21,2020-05-21,11.9097,2026-04-30,23.1923902,94.73530147694733,11.87131495022884,13.602785831888465,result/index_return_curve/csv/中证红利低波动指数_100__daily.csv,official_or_project_total_return
红利质量指数（50）,2020-05-21,沪港深红利成长低波动指数（100）,2019-04-25,2020-05-21,starts_at_main_publish,2015-07-21,2020-05-21,2020-05-21,2020-05-21,5444.73,2025-12-31,11667.38,114.28757716176929,14.544430340034985,14.166837466693993,result/index_return_curve/csv/沪港深红利成长低波动指数_100__daily.csv,official_or_project_total_return
红利质量指数（50）,2020-05-21,红利质量指数（50）,2020-05-21,2020-05-21,starts_at_main_publish,2014-06-23,2020-05-21,2020-05-21,2020-05-21,34.78221676958162,2026-04-30,56.50191661180072,62.44484066700948,8.508958154051903,29.1950257296792,result/index_return_curve/csv/红利质量指数_50__daily.csv,official_or_project_total_return
红利质量指数（50）,2020-05-21,龙头红利指数（50）,2021-12-17,2021-12-17,starts_at_index_publish,2011-10-24,2021-12-17,2021-12-17,2021-12-17,5897.39,2026-04-30,8005.24,35.742082514468244,7.248494930135618,19.980398944858614,result/index_return_curve/csv/龙头红利指数_50__daily.csv,official_or_project_total_return
红利质量指数（50）,2020-05-21,港股通央企红利指数（48）,2023-09-13,2023-09-13,starts_at_index_publish,2018-03-28,2023-09-13,2023-09-13,2023-09-13,1505.42,2025-12-31,2340.66,55.482191016460504,21.156537964999966,20.776646053110216,result/index_return_curve/csv/港股通央企红利指数_48__daily.csv,official_or_project_total_return
红利质量指数（50）,2020-05-21,国证自由现金流指数（100）,2024-08-15,2024-08-15,starts_at_index_publish,2014-10-13,2024-08-15,2024-08-15,2024-08-15,6191.0028,2026-04-30,9011.7777,45.562487873531566,24.621221712892382,15.844401254153329,result/index_return_curve/csv/国证自由现金流指数_100__daily.csv,official_or_project_total_return
红利质量指数（50）,2020-05-21,中证全指自由现金流指数（100）,2024-12-11,2024-12-11,starts_at_index_publish,2014-09-02,2024-12-11,2024-12-11,2024-12-11,7306.83,2025-12-31,8583.58,17.47337764803616,16.50690159386743,14.212171130680007,result/index_return_curve/csv/中证全指自由现金流指数_100__daily.csv,official_or_project_total_return
龙头红利指数（50）,2021-12-17,上证红利指数（50）,2005-01-04,2021-12-17,starts_at_main_publish,2006-08-17,2021-12-17,2021-12-17,2021-12-17,4985.16,2025-12-31,6915.27,38.71711238957227,8.441434067313725,13.759890891911075,result/index_return_curve/csv/上证红利指数_50__daily.csv,official_or_project_total_return
龙头红利指数（50）,2021-12-17,中证红利指数（100）,2008-05-26,2021-12-17,starts_at_main_publish,2005-01-04,2021-12-17,2021-12-17,2021-12-17,8.853441732760773,2026-04-30,12.560321021236712,41.869358836566505,8.338299525500958,14.528946570775126,result/index_return_curve/csv/中证红利指数_100__daily.csv,official_or_project_total_return
龙头红利指数（50）,2021-12-17,央企红利指数（50）,2012-07-20,2021-12-17,starts_at_main_publish,2017-01-26,2021-12-17,2021-12-17,2021-12-17,2.2420941819015656,2026-04-30,3.4762251672885705,55.0436728014839,10.56390774402196,16.684392702210225,result/index_return_curve/csv/央企红利指数_50__daily.csv,official_or_project_total_return
龙头红利指数（50）,2021-12-17,国企红利指数（100）,2012-07-20,2021-12-17,starts_at_main_publish,2017-01-24,2021-12-17,2021-12-17,2021-12-17,2.959064095593982,2026-04-30,4.429445905939979,49.69077258364838,9.6778965160361,14.131696573871167,result/index_return_curve/csv/国企红利指数_100__daily.csv,official_or_project_total_return
龙头红利指数（50）,2021-12-17,消费红利指数（50）,2013-07-02,2021-12-17,starts_at_main_publish,2015-11-03,2021-12-17,2021-12-17,2021-12-17,6.87262024666754,2026-04-30,5.791693171007222,-15.728019836167261,-3.8428272640169014,36.558235334561154,result/index_return_curve/csv/消费红利指数_50__daily.csv,official_or_project_total_return
龙头红利指数（50）,2021-12-17,中证红利低波动指数（50）,2013-12-19,2021-12-17,starts_at_main_publish,2017-03-13,2021-12-17,2021-12-17,2021-12-17,15.328,2026-04-30,23.9599088,56.31464509394573,10.770806065291104,13.537572720001378,result/index_return_curve/csv/中证红利低波动指数_50__daily.csv,official_or_project_total_return
龙头红利指数（50）,2021-12-17,港股红利指数（30）,2016-06-08,2021-12-17,starts_at_main_publish,2014-11-14,2021-12-17,2021-12-17,2021-12-17,1.9741566666666668,2026-04-30,3.862322166666667,95.64415691426045,16.612472120213837,34.10364664719329,result/index_return_curve/csv/港股红利指数_30__daily.csv,official_or_project_total_return
龙头红利指数（50）,2021-12-17,恒生红利低波动指数（50）,2017-05-08,2021-12-17,starts_at_main_publish,2019-08-12,2021-12-17,2021-12-17,2021-12-17,1206.4650687003293,2026-05-01,1698.0958945423456,40.74969417652747,8.136598249113835,33.349647169695906,result/hsi_hshylv_total_return_fit/csv/hshylv_fitted_total_return_daily.csv,价格指数可得起点 2019-08-12 晚于参考基准日 2010-09-30；本结果是截断区间拟合，不是 2010-09-30 起完整拟合。；拟合估算曲线，不是官方 HSHYLVDV/HSHYLVN 历史点位。若要严谨对比，应取得官方全收益历史日线或覆盖基准日的价格日线。
龙头红利指数（50）,2021-12-17,中证红利低波动指数（100）,2017-05-26,2021-12-17,starts_at_main_publish,2015-11-09,2021-12-17,2021-12-17,2021-12-17,15.5912,2026-04-30,23.1923902,48.75307994253166,9.520184236557894,13.602785831888465,result/index_return_curve/csv/中证红利低波动指数_100__daily.csv,official_or_project_total_return
龙头红利指数（50）,2021-12-17,沪港深红利成长低波动指数（100）,2019-04-25,2021-12-17,starts_at_main_publish,2015-07-21,2021-12-17,2021-12-17,2021-12-17,6706.12,2025-12-31,11667.38,73.98107996874496,14.697730006357412,14.166837466693993,result/index_return_curve/csv/沪港深红利成长低波动指数_100__daily.csv,official_or_project_total_return
龙头红利指数（50）,2021-12-17,红利质量指数（50）,2020-05-21,2021-12-17,starts_at_main_publish,2014-06-23,2021-12-17,2021-12-17,2021-12-17,48.449714209908905,2026-04-30,56.50191661180072,16.619710834630652,3.5834971850771113,27.960681412845155,result/index_return_curve/csv/红利质量指数_50__daily.csv,official_or_project_total_return
龙头红利指数（50）,2021-12-17,龙头红利指数（50）,2021-12-17,2021-12-17,starts_at_main_publish,2011-10-24,2021-12-17,2021-12-17,2021-12-17,5897.39,2026-04-30,8005.24,35.742082514468244,7.248494930135618,19.980398944858614,result/index_return_curve/csv/龙头红利指数_50__daily.csv,official_or_project_total_return
龙头红利指数（50）,2021-12-17,港股通央企红利指数（48）,2023-09-13,2023-09-13,starts_at_index_publish,2018-03-28,2023-09-13,2023-09-13,2023-09-13,1505.42,2025-12-31,2340.66,55.482191016460504,21.156537964999966,20.776646053110216,result/index_return_curve/csv/港股通央企红利指数_48__daily.csv,official_or_project_total_return
龙头红利指数（50）,2021-12-17,国证自由现金流指数（100）,2024-08-15,2024-08-15,starts_at_index_publish,2014-10-13,2024-08-15,2024-08-15,2024-08-15,6191.0028,2026-04-30,9011.7777,45.562487873531566,24.621221712892382,15.844401254153329,result/index_return_curve/csv/国证自由现金流指数_100__daily.csv,official_or_project_total_return
龙头红利指数（50）,2021-12-17,中证全指自由现金流指数（100）,2024-12-11,2024-12-11,starts_at_index_publish,2014-09-02,2024-12-11,2024-12-11,2024-12-11,7306.83,2025-12-31,8583.58,17.47337764803616,16.50690159386743,14.212171130680007,result/index_return_curve/csv/中证全指自由现金流指数_100__daily.csv,official_or_project_total_return
港股通央企红利指数（48）,2023-09-13,上证红利指数（50）,2005-01-04,2023-09-13,starts_at_main_publish,2006-08-17,2023-09-13,2023-09-13,2023-09-13,5846.85,2025-12-31,6915.27,18.27342928243414,7.570431744965878,13.759890891911075,result/index_return_curve/csv/上证红利指数_50__daily.csv,official_or_project_total_return
港股通央企红利指数（48）,2023-09-13,中证红利指数（100）,2008-05-26,2023-09-13,starts_at_main_publish,2005-01-04,2023-09-13,2023-09-13,2023-09-13,9.837655556744147,2026-04-30,12.560321021236712,27.675958451564785,9.741579538840629,14.528946570775126,result/index_return_curve/csv/中证红利指数_100__daily.csv,official_or_project_total_return
港股通央企红利指数（48）,2023-09-13,央企红利指数（50）,2012-07-20,2023-09-13,starts_at_main_publish,2017-01-26,2023-09-13,2023-09-13,2023-09-13,2.5322903420816747,2026-04-30,3.4762251672885705,37.2759319703811,12.810719643640024,11.059236199081369,result/index_return_curve/csv/央企红利指数_50__daily.csv,official_or_project_total_return
港股通央企红利指数（48）,2023-09-13,国企红利指数（100）,2012-07-20,2023-09-13,starts_at_main_publish,2017-01-24,2023-09-13,2023-09-13,2023-09-13,3.4999368675669387,2026-04-30,4.429445905939979,26.557880143112712,9.37494330693962,14.131696573871167,result/index_return_curve/csv/国企红利指数_100__daily.csv,official_or_project_total_return
港股通央企红利指数（48）,2023-09-13,消费红利指数（50）,2013-07-02,2023-09-13,starts_at_main_publish,2015-11-03,2023-09-13,2023-09-13,2023-09-13,6.362512804764124,2026-04-30,5.791693171007222,-8.971606836366341,-3.5131613248603255,26.926025587668857,result/index_return_curve/csv/消费红利指数_50__daily.csv,official_or_project_total_return
港股通央企红利指数（48）,2023-09-13,中证红利低波动指数（50）,2013-12-19,2023-09-13,starts_at_main_publish,2017-03-13,2023-09-13,2023-09-13,2023-09-13,18.4605,2026-04-30,23.9599088,29.790140028709967,10.429454901980172,13.48763375171238,result/index_return_curve/csv/中证红利低波动指数_50__daily.csv,official_or_project_total_return
港股通央企红利指数（48）,2023-09-13,港股红利指数（30）,2016-06-08,2023-09-13,starts_at_main_publish,2014-11-14,2023-09-13,2023-09-13,2023-09-13,2.100633333333333,2026-04-30,3.862322166666667,83.86465193037023,26.076259731923535,14.488896045183752,result/index_return_curve/csv/港股红利指数_30__daily.csv,official_or_project_total_return
港股通央企红利指数（48）,2023-09-13,恒生红利低波动指数（50）,2017-05-08,2023-09-13,starts_at_main_publish,2019-08-12,2023-09-13,2023-09-13,2023-09-13,1115.9285232944248,2026-05-01,1698.0958945423456,52.16887632993341,17.299752979991222,17.194660691762355,result/hsi_hshylv_total_return_fit/csv/hshylv_fitted_total_return_daily.csv,价格指数可得起点 2019-08-12 晚于参考基准日 2010-09-30；本结果是截断区间拟合，不是 2010-09-30 起完整拟合。；拟合估算曲线，不是官方 HSHYLVDV/HSHYLVN 历史点位。若要严谨对比，应取得官方全收益历史日线或覆盖基准日的价格日线。
港股通央企红利指数（48）,2023-09-13,中证红利低波动指数（100）,2017-05-26,2023-09-13,starts_at_main_publish,2015-11-09,2023-09-13,2023-09-13,2023-09-13,19.0656,2026-04-30,23.1923902,21.64521546659952,7.739759174255578,13.602785831888465,result/index_return_curve/csv/中证红利低波动指数_100__daily.csv,official_or_project_total_return
港股通央企红利指数（48）,2023-09-13,沪港深红利成长低波动指数（100）,2019-04-25,2023-09-13,starts_at_main_publish,2015-07-21,2023-09-13,2023-09-13,2023-09-13,8087.79,2025-12-31,11667.38,44.25918576026331,17.273258881018627,9.714247770455742,result/index_return_curve/csv/沪港深红利成长低波动指数_100__daily.csv,official_or_project_total_return
港股通央企红利指数（48）,2023-09-13,红利质量指数（50）,2020-05-21,2023-09-13,starts_at_main_publish,2014-06-23,2023-09-13,2023-09-13,2023-09-13,44.15300025939108,2026-04-30,56.50191661180072,27.96846483786366,9.837168664170392,24.472036073057403,result/index_return_curve/csv/红利质量指数_50__daily.csv,official_or_project_total_return
港股通央企红利指数（48）,2023-09-13,龙头红利指数（50）,2021-12-17,2023-09-13,starts_at_main_publish,2011-10-24,2023-09-13,2023-09-13,2023-09-13,5837.24,2026-04-30,8005.24,37.140840534225084,12.76846881625664,14.047783822430803,result/index_return_curve/csv/龙头红利指数_50__daily.csv,official_or_project_total_return
港股通央企红利指数（48）,2023-09-13,港股通央企红利指数（48）,2023-09-13,2023-09-13,starts_at_main_publish,2018-03-28,2023-09-13,2023-09-13,2023-09-13,1505.42,2025-12-31,2340.66,55.482191016460504,21.156537964999966,20.776646053110216,result/index_return_curve/csv/港股通央企红利指数_48__daily.csv,official_or_project_total_return
港股通央企红利指数（48）,2023-09-13,国证自由现金流指数（100）,2024-08-15,2024-08-15,starts_at_index_publish,2014-10-13,2024-08-15,2024-08-15,2024-08-15,6191.0028,2026-04-30,9011.7777,45.562487873531566,24.621221712892382,15.844401254153329,result/index_return_curve/csv/国证自由现金流指数_100__daily.csv,official_or_project_total_return
港股通央企红利指数（48）,2023-09-13,中证全指自由现金流指数（100）,2024-12-11,2024-12-11,starts_at_index_publish,2014-09-02,2024-12-11,2024-12-11,2024-12-11,7306.83,2025-12-31,8583.58,17.47337764803616,16.50690159386743,14.212171130680007,result/index_return_curve/csv/中证全指自由现金流指数_100__daily.csv,official_or_project_total_return
国证自由现金流指数（100）,2024-08-15,上证红利指数（50）,2005-01-04,2024-08-15,starts_at_main_publish,2006-08-17,2024-08-15,2024-08-15,2024-08-15,6317.84,2025-12-31,6915.27,9.456238207995149,6.781061339242367,9.268480060769368,result/index_return_curve/csv/上证红利指数_50__daily.csv,official_or_project_total_return
国证自由现金流指数（100）,2024-08-15,中证红利指数（100）,2008-05-26,2024-08-15,starts_at_main_publish,2005-01-04,2024-08-15,2024-08-15,2024-08-15,10.256277029814935,2026-04-30,12.560321021236712,22.464720723942367,12.615648558817117,10.323920338552405,result/index_return_curve/csv/中证红利指数_100__daily.csv,official_or_project_total_return
国证自由现金流指数（100）,2024-08-15,央企红利指数（50）,2012-07-20,2024-08-15,starts_at_main_publish,2017-01-26,2024-08-15,2024-08-15,2024-08-15,2.6791655375122474,2026-04-30,3.4762251672885705,29.750294209757456,16.496458022098736,9.706261164222374,result/index_return_curve/csv/央企红利指数_50__daily.csv,official_or_project_total_return
国证自由现金流指数（100）,2024-08-15,国企红利指数（100）,2012-07-20,2024-08-15,starts_at_main_publish,2017-01-24,2024-08-15,2024-08-15,2024-08-15,3.5908788765140045,2026-04-30,4.429445905939979,23.35269604637984,13.093663135331578,9.854543502764212,result/index_return_curve/csv/国企红利指数_100__daily.csv,official_or_project_total_return
国证自由现金流指数（100）,2024-08-15,消费红利指数（50）,2013-07-02,2024-08-15,starts_at_main_publish,2015-11-03,2024-08-15,2024-08-15,2024-08-15,5.043767059596648,2026-04-30,5.791693171007222,14.828720330918399,8.44416437434441,15.069221979398984,result/index_return_curve/csv/消费红利指数_50__daily.csv,official_or_project_total_return
国证自由现金流指数（100）,2024-08-15,中证红利低波动指数（50）,2013-12-19,2024-08-15,starts_at_main_publish,2017-03-13,2024-08-15,2024-08-15,2024-08-15,20.3422,2026-04-30,23.9599088,17.784255390272463,10.071972487785018,9.747583503123813,result/index_return_curve/csv/中证红利低波动指数_50__daily.csv,official_or_project_total_return
国证自由现金流指数（100）,2024-08-15,港股红利指数（30）,2016-06-08,2024-08-15,starts_at_main_publish,2014-11-14,2024-08-15,2024-08-15,2024-08-15,2.43619,2026-04-30,3.862322166666667,58.53944752530251,31.019439173263418,13.55580428705615,result/index_return_curve/csv/港股红利指数_30__daily.csv,official_or_project_total_return
国证自由现金流指数（100）,2024-08-15,恒生红利低波动指数（50）,2017-05-08,2024-08-15,starts_at_main_publish,2019-08-12,2024-08-15,2024-08-15,2024-08-15,1150.8646479057743,2026-05-01,1698.0958945423456,47.54957480294202,25.569903957146735,17.194660691762355,result/hsi_hshylv_total_return_fit/csv/hshylv_fitted_total_return_daily.csv,价格指数可得起点 2019-08-12 晚于参考基准日 2010-09-30；本结果是截断区间拟合，不是 2010-09-30 起完整拟合。；拟合估算曲线，不是官方 HSHYLVDV/HSHYLVN 历史点位。若要严谨对比，应取得官方全收益历史日线或覆盖基准日的价格日线。
国证自由现金流指数（100）,2024-08-15,中证红利低波动指数（100）,2017-05-26,2024-08-15,starts_at_main_publish,2015-11-09,2024-08-15,2024-08-15,2024-08-15,19.2277,2026-04-30,23.1923902,20.61967994091858,11.617817628275628,8.270292973954351,result/index_return_curve/csv/中证红利低波动指数_100__daily.csv,official_or_project_total_return
国证自由现金流指数（100）,2024-08-15,沪港深红利成长低波动指数（100）,2019-04-25,2024-08-15,starts_at_main_publish,2015-07-21,2024-08-15,2024-08-15,2024-08-15,8949.32,2025-12-31,11667.38,30.371693044834693,21.238224387884607,7.1450286162427545,result/index_return_curve/csv/沪港深红利成长低波动指数_100__daily.csv,official_or_project_total_return
国证自由现金流指数（100）,2024-08-15,红利质量指数（50）,2020-05-21,2024-08-15,starts_at_main_publish,2014-06-23,2024-08-15,2024-08-15,2024-08-15,38.86410013272074,2026-04-30,56.50191661180072,45.383313697852024,24.53126558326457,18.398805604349466,result/index_return_curve/csv/红利质量指数_50__daily.csv,official_or_project_total_return
国证自由现金流指数（100）,2024-08-15,龙头红利指数（50）,2021-12-17,2024-08-15,starts_at_main_publish,2011-10-24,2024-08-15,2024-08-15,2024-08-15,5980.21,2026-04-30,8005.24,33.862188786012524,18.646931392480237,12.272577370656968,result/index_return_curve/csv/龙头红利指数_50__daily.csv,official_or_project_total_return
国证自由现金流指数（100）,2024-08-15,港股通央企红利指数（48）,2023-09-13,2024-08-15,starts_at_main_publish,2018-03-28,2024-08-15,2024-08-15,2024-08-15,1878.03,2025-12-31,2340.66,24.633791792463366,17.339784425858507,20.776646053110216,result/index_return_curve/csv/港股通央企红利指数_48__daily.csv,official_or_project_total_return
国证自由现金流指数（100）,2024-08-15,国证自由现金流指数（100）,2024-08-15,2024-08-15,starts_at_main_publish,2014-10-13,2024-08-15,2024-08-15,2024-08-15,6191.0028,2026-04-30,9011.7777,45.562487873531566,24.621221712892382,15.844401254153329,result/index_return_curve/csv/国证自由现金流指数_100__daily.csv,official_or_project_total_return
国证自由现金流指数（100）,2024-08-15,中证全指自由现金流指数（100）,2024-12-11,2024-12-11,starts_at_index_publish,2014-09-02,2024-12-11,2024-12-11,2024-12-11,7306.83,2025-12-31,8583.58,17.47337764803616,16.50690159386743,14.212171130680007,result/index_return_curve/csv/中证全指自由现金流指数_100__daily.csv,official_or_project_total_return
中证全指自由现金流指数（100）,2024-12-11,上证红利指数（50）,2005-01-04,2024-12-11,starts_at_main_publish,2006-08-17,2024-12-11,2024-12-11,2024-12-11,6796.97,2025-12-31,6915.27,1.7404814203976215,1.650464309151345,8.893087921089005,result/index_return_curve/csv/上证红利指数_50__daily.csv,official_or_project_total_return
中证全指自由现金流指数（100）,2024-12-11,中证红利指数（100）,2008-05-26,2024-12-11,starts_at_main_publish,2005-01-04,2024-12-11,2024-12-11,2024-12-11,11.326619496615066,2026-04-30,12.560321021236712,10.89205411191163,7.764324925140054,8.341094712709573,result/index_return_curve/csv/中证红利指数_100__daily.csv,official_or_project_total_return
中证全指自由现金流指数（100）,2024-12-11,央企红利指数（50）,2012-07-20,2024-12-11,starts_at_main_publish,2017-01-26,2024-12-11,2024-12-11,2024-12-11,3.042046236267745,2026-04-30,3.4762251672885705,14.272594737202793,10.130502215070592,9.276392222043196,result/index_return_curve/csv/央企红利指数_50__daily.csv,official_or_project_total_return
中证全指自由现金流指数（100）,2024-12-11,国企红利指数（100）,2012-07-20,2024-12-11,starts_at_main_publish,2017-01-24,2024-12-11,2024-12-11,2024-12-11,4.020043764863514,2026-04-30,4.429445905939979,10.184021991371651,7.266231343326246,8.753052818941963,result/index_return_curve/csv/国企红利指数_100__daily.csv,official_or_project_total_return
中证全指自由现金流指数（100）,2024-12-11,消费红利指数（50）,2013-07-02,2024-12-11,starts_at_main_publish,2015-11-03,2024-12-11,2024-12-11,2024-12-11,6.024048259733231,2026-04-30,5.791693171007222,-3.857125286979335,-2.804871299173528,15.069221979398984,result/index_return_curve/csv/消费红利指数_50__daily.csv,official_or_project_total_return
中证全指自由现金流指数（100）,2024-12-11,中证红利低波动指数（50）,2013-12-19,2024-12-11,starts_at_main_publish,2017-03-13,2024-12-11,2024-12-11,2024-12-11,22.2566,2026-04-30,23.9599088,7.653050331137745,5.478417474077113,7.702150654693629,result/index_return_curve/csv/中证红利低波动指数_50__daily.csv,official_or_project_total_return
中证全指自由现金流指数（100）,2024-12-11,港股红利指数（30）,2016-06-08,2024-12-11,starts_at_main_publish,2014-11-14,2024-12-11,2024-12-11,2024-12-11,2.73946,2026-04-30,3.862322166666667,40.98844906173724,28.203409509273847,13.55580428705615,result/index_return_curve/csv/港股红利指数_30__daily.csv,official_or_project_total_return
中证全指自由现金流指数（100）,2024-12-11,恒生红利低波动指数（50）,2017-05-08,2024-12-11,starts_at_main_publish,2019-08-12,2024-12-11,2024-12-11,2024-12-11,1300.134868790109,2026-05-01,1698.0958945423456,30.609211036896088,21.25908695193175,12.397560755167314,result/hsi_hshylv_total_return_fit/csv/hshylv_fitted_total_return_daily.csv,价格指数可得起点 2019-08-12 晚于参考基准日 2010-09-30；本结果是截断区间拟合，不是 2010-09-30 起完整拟合。；拟合估算曲线，不是官方 HSHYLVDV/HSHYLVN 历史点位。若要严谨对比，应取得官方全收益历史日线或覆盖基准日的价格日线。
中证全指自由现金流指数（100）,2024-12-11,中证红利低波动指数（100）,2017-05-26,2024-12-11,starts_at_main_publish,2015-11-09,2024-12-11,2024-12-11,2024-12-11,21.9081,2026-04-30,23.1923902,5.8621706126957385,4.206355777456561,8.135869196499247,result/index_return_curve/csv/中证红利低波动指数_100__daily.csv,official_or_project_total_return
中证全指自由现金流指数（100）,2024-12-11,沪港深红利成长低波动指数（100）,2019-04-25,2024-12-11,starts_at_main_publish,2015-07-21,2024-12-11,2024-12-11,2024-12-11,10059.31,2025-12-31,11667.38,15.985887700051006,15.106871442000935,7.139905231514765,result/index_return_curve/csv/沪港深红利成长低波动指数_100__daily.csv,official_or_project_total_return
中证全指自由现金流指数（100）,2024-12-11,红利质量指数（50）,2020-05-21,2024-12-11,starts_at_main_publish,2014-06-23,2024-12-11,2024-12-11,2024-12-11,46.83313959061998,2026-04-30,56.50191661180072,20.645160896104574,14.539017242896302,11.821333655143496,result/index_return_curve/csv/红利质量指数_50__daily.csv,official_or_project_total_return
中证全指自由现金流指数（100）,2024-12-11,龙头红利指数（50）,2021-12-17,2024-12-11,starts_at_main_publish,2011-10-24,2024-12-11,2024-12-11,2024-12-11,6707.91,2026-04-30,8005.24,19.340301226462486,13.641673883669325,7.314663581340442,result/index_return_curve/csv/龙头红利指数_50__daily.csv,official_or_project_total_return
中证全指自由现金流指数（100）,2024-12-11,港股通央企红利指数（48）,2023-09-13,2024-12-11,starts_at_main_publish,2018-03-28,2024-12-11,2024-12-11,2024-12-11,1907.53,2025-12-31,2340.66,22.70632703024329,21.42502375306583,12.950851615546421,result/index_return_curve/csv/港股通央企红利指数_48__daily.csv,official_or_project_total_return
中证全指自由现金流指数（100）,2024-12-11,国证自由现金流指数（100）,2024-08-15,2024-12-11,starts_at_main_publish,2014-10-13,2024-12-11,2024-12-11,2024-12-11,7182.1973,2026-04-30,9011.7777,25.47382539880938,17.83661686274185,13.8179697180691,result/index_return_curve/csv/国证自由现金流指数_100__daily.csv,official_or_project_total_return
中证全指自由现金流指数（100）,2024-12-11,中证全指自由现金流指数（100）,2024-12-11,2024-12-11,starts_at_main_publish,2014-09-02,2024-12-11,2024-12-11,2024-12-11,7306.83,2025-12-31,8583.58,17.47337764803616,16.50690159386743,14.212171130680007,result/index_return_curve/csv/中证全指自由现金流指数_100__daily.csv,official_or_project_total_return
